state,mean,std,occupancy,occupancy_pct
0,0.0015404516387648494,0.011748323556704486,2082,0.7532561505065123
1,-0.0008945324635462517,0.028343508363185606,682,0.2467438494934877
