{
  "last_state": 0,
  "next_state_probs": {
    "0": 0.9836617011052379,
    "1": 0.016338298894762134
  }
}