{
  "type": "GaussianHMM",
  "startprob": [
    1.285231902789456e-06,
    0.9999987147680972
  ],
  "transmat": [
    [
      0.9609867701930114,
      0.03901322980698873
    ],
    [
      0.10435573401294809,
      0.8956442659870519
    ]
  ],
  "means": [
    0.0016118503538070403,
    -0.0008372821019878288
  ]
}